priority_rank,admin2_name,admin1_name,admin2_pcode,priority_tier,priority_score,disaster_score,poverty_score,flood_extent_pct,chirps_mean_mm,floodscan_mean,MPI,Headcount Ratio,In Severe Poverty,ipc_phase3plus_pct,ipc_phase_label,population_2026,affected_population_proxy,recommended_beneficiaries
1,Wajir West,Wajir,KE008036,Very High,69.99548029403554,0.7386868047178815,0.6418568002740664,0.019097011129725804,12.008172137920672,0.11498191508841007,0.3956,73.1124,42.8622,0.3,P3,-91871985664.0,-67864623533.22718,238
2,Turkana West,Turkana,KE023124,Very High,63.110303870777315,0.3851717311796219,1.0,0.0170909431461625,0.0,0.0261852981070795,0.4968,79.5519,64.8855,0.65,P4,-163069870080.0,-62809904161.94962,381
3,Turkana North,Turkana,KE023123,Very High,53.79853565245194,0.385531149763088,0.7666666666666666,0.01598342542243372,0.0,0.05483824282276387,0.4968,79.5519,64.8855,0.3,P3,-234392043520.0,-90365434033.58536,466
4,Eldas,Wajir,KE008037,Very High,46.8031588796882,0.3521481144787591,0.6418568002740664,0.00906112508641961,6.792814555921052,0.030655358518872942,0.3956,73.1124,42.8622,0.3,P3,-53087633408.0,-18694710006.76678,92
5,Banissa,Mandera,KE009040,Very High,44.5800159225886,0.17227056342375313,0.8560945529290853,0.0002520633564487941,7.856188007429535,0.014377768223102275,0.4612,81.3359,55.9011,0.5,P3,-34896392192.0,-6011621144.3721,58
6,Kaloleni,Kilifi,KE003013,Very High,41.04612520541467,0.4815487008941728,0.30383007879410756,0.017657918796288863,1.23644903431768,0.09803749620914459,0.2026,46.3581,13.1869,0.15,P2,-2714571264.0,-1307198265.6638525,4
7,Turkana Central,Turkana,KE023125,Very High,40.518406702446356,0.16419566726299484,0.7666666666666666,0.007723685779101864,0.0,2.564102499327885e-06,0.4968,79.5519,64.8855,0.3,P3,-71054663680.0,-11666867915.085285,106
8,Nyakach,Kisumu,KE042244,Very High,40.06740028488893,0.578042374281094,0.13462144570058238,0.023520067644551428,0.0,0.09354872504870097,0.0654,16.5818,1.848,0.15,,-1136119936.0,-656725465.2735245,2
9,Lagdera,Garissa,KE007029,Very High,39.727215997116225,0.3424400108232401,0.47952038369304556,0.014748141316060528,0.0,0.0346631595962926,0.291,55.2501,30.3679,0.25,P3,-73737281536.0,-25250595487.26414,108
10,Mandera West,Mandera,KE009039,Very High,39.144755281458174,0.08168288607157932,0.8560945529290853,0.0016652460417931887,2.3414087352638475,0.00013389829861915718,0.4612,81.3359,55.9011,0.5,P3,-59514773504.0,-4861338463.703079,86
11,Mandera North,Mandera,KE009041,Very High,38.66941438911243,0.07376053786581706,0.8560945529290853,0.00033719373369222965,2.240580447434169,0.026862590209297512,0.4612,81.3359,55.9011,0.5,P3,-70458023936.0,-5197021742.481973,101
12,Mandera East,Mandera,KE009043,Very High,38.64368660154901,0.07333174140642652,0.8560945529290853,0.003372203425493665,0.0,0.001970588284380296,0.4612,81.3359,55.9011,0.5,P3,-28082933760.0,-2059370436.4221253,40
13,Lafey,Mandera,KE009044,Very High,37.88842487910327,0.0607440460323309,0.8560945529290853,0.0001988510155252085,2.8647413170855978,3.170731715948844e-05,0.4612,81.3359,55.9011,0.5,P3,-40443990016.0,-2456731591.2630353,57
14,Mandera South,Mandera,KE009042,Very High,37.741935069365894,0.05830254920337467,0.8560945529290853,0.0007047986654114142,1.733310594084513,0.010956249199807644,0.4612,81.3359,55.9011,0.5,P3,-63245901824.0,-3687397303.005564,88
15,Wajir North,Wajir,KE008033,Very High,37.25282688930616,0.1929759146390583,0.6418568002740664,0.002884515079682029,6.590883875739645,0.002024390227426358,0.3956,73.1124,42.8622,0.3,P3,-120172929024.0,-23190480893.261036,166
16,Turkana East,Turkana,KE023128,Very High,36.988620202180165,0.10536589225855833,0.7666666666666666,0.004054920315733126,0.0,0.022972445155298987,0.4968,79.5519,64.8855,0.3,P3,-128308527104.0,-13519342442.694376,176
17,Kajiado South,Kajiado,KE034187,Very High,34.66882034542329,0.49518263439700005,0.1239465570400822,0.015674468998150077,3.2277805621807394,0.11785375255427949,0.1108,22.512,10.6798,0.05,P2,-64197554176.0,-31789513998.715813,82
18,Galole,Tana River,KE004019,Very High,33.90565622349692,0.06277155713365017,0.7534840698869476,0.0011124302965102243,0.013099845451644705,0.04658678725913719,0.378,67.2861,44.4231,0.5,P3,-110808514560.0,-6955623002.597946,139
19,Garsen,Tana River,KE004018,Very High,33.55700988877476,0.056960784888280824,0.7534840698869476,0.001615129617648873,0.0,0.027121166908304104,0.378,67.2861,44.4231,0.5,P3,-181288665088.0,-10326344654.761154,225
20,Tarbaj,Wajir,KE008035,Very High,32.626075011816134,0.11586338334755798,0.6418568002740664,0.0010848800552147508,4.59486840128416,0.0026293479554031205,0.3956,73.1124,42.8622,0.3,P3,-86450880512.0,-10016491509.495787,104
21,Bura,Tana River,KE004020,Very High,32.508769513920534,0.03949011197404375,0.7534840698869476,0.0012519721572819733,0.0,0.015433312943263083,0.378,67.2861,44.4231,0.5,P3,-154439876608.0,-6098848020.50742,186
22,Loima,Turkana,KE023126,Very High,31.82624577433938,0.01932631846121194,0.7666666666666666,0.0009089761379840852,0.0,3.4782610347737435e-06,0.4968,79.5519,64.8855,0.3,P3,-104354619392.0,-2016790607.268355,123
23,Isiolo North,Isiolo,KE011049,Very High,31.247291834943923,0.3012746652175477,0.3292702980472765,0.010586036730248159,1.842081092926393,0.04783701501498565,0.1962,39.4936,20.3589,0.2,P3,-174462959616.0,-52561269751.17294,202
24,Turkana South,Turkana,KE023127,Very High,30.928154779050566,0.004358135206398355,0.7666666666666666,0.0002023459692900431,0.0,6.781608915363236e-05,0.4968,79.5519,64.8855,0.3,P3,-81123311616.0,-353546360.4133142,93
25,Isiolo South,Isiolo,KE011050,Very High,30.140247944662423,0.2828239337128561,0.3292702980472765,0.012717013910961056,0.0,0.01495970228443975,0.1962,39.4936,20.3589,0.2,P3,-115956097024.0,-32795159498.317284,129
26,North Horr,Marsabit,KE010046,Very High,30.102815588036098,0.13631905162428543,0.5480918122644742,0.005562960438910116,0.06976894905426072,0.019998239345304956,0.3466,63.5606,39.9074,0.25,P3,-470804201472.0,-64179582245.392044,524
27,Wajir South,Wajir,KE008038,Very High,29.66553827578835,0.06652110441376159,0.6418568002740664,0.0013844944505340847,0.8144571653554137,0.025206666834214155,0.3956,73.1124,42.8622,0.3,P3,-246121955328.0,-16372304288.893055,270
28,Likoni,Mombasa,KE001005,Very High,29.233418171870674,0.40865791734435597,0.11784857828023296,0.005111283132110661,15.213619232177734,0.0,0.0518,12.8866,2.2801,0.15,,-69166720.0,-28265527.744740214,0
29,Dadaab,Garissa,KE007030,Very High,28.654642158415637,0.024563780178230164,0.6795203836930456,0.0010020928314317485,0.0,0.003908750042319298,0.291,55.2501,30.3679,0.55,P4,-78631526400.0,-1931487529.568302,83
30,Wajir East,Wajir,KE008034,Very High,27.468343365179305,0.02990118923694412,0.6418568002740664,0.00048204616354382234,0.9794896984776706,0.0004062499695767959,0.3956,73.1124,42.8622,0.3,P3,-48015392768.0,-1435717345.442166,49
31,Baringo South,Baringo,KE030160,Very High,26.01771957425163,0.22014002190956106,0.3202329564919492,0.006273181534145735,0.0,0.10402478490556989,0.2159,46.8917,17.5521,0.15,P2,-14474641408.0,-3186447876.69016,14
32,Samburu East,Samburu,KE025135,Very High,25.92088003550936,0.008572849284297236,0.6351627269612881,0.0003756698989317171,0.014462779207927426,0.00036140351572580505,0.4172,70.16,53.6549,0.25,P3,-112263479296.0,-962417888.1354312,108
33,Laisamis,Marsabit,KE010048,Very High,25.80644357786033,0.06471285145468932,0.5480918122644742,0.0029343950190521555,0.0,0.0027955694130731225,0.3466,63.5606,39.9074,0.25,P3,-278740008960.0,-18038060794.307247,266
34,Samburu North,Samburu,KE025134,Very High,25.573006065606986,0.0027749497859243244,0.6351627269612881,6.361238600618584e-05,0.0,0.001705317821317506,0.4172,70.16,53.6549,0.25,P3,-95695757312.0,-265550921.2668005,91
35,Samburu West,Samburu,KE025133,Very High,25.529706301342074,0.0020532870481759233,0.6351627269612881,9.63162598078154e-05,0.0,6.89655154991638e-06,0.4172,70.16,53.6549,0.25,P3,-22570668032.0,-46344060.33878396,21
36,Moyale,Marsabit,KE010045,Very High,24.866637838473764,0.04904942246491319,0.5480918122644742,0.00031614733019971693,1.9785843400765728,0.003970754596422303,0.3466,63.5606,39.9074,0.25,P3,-107654209536.0,-5280376803.65755,99
37,Saku,Marsabit,KE010047,Very High,22.845824379829725,0.015369198154179258,0.5480918122644742,0.0007217133874901761,0.0,3.199999919161201e-05,0.3466,63.5606,39.9074,0.25,P3,-22619060224.0,-347636818.6439703,19
38,Kisauni,Mombasa,KE001003,Very High,22.59902556413365,0.29808470721540553,0.11784857828023296,0.0006461931853245271,14.397464752197266,0.0005292685818858445,0.0518,12.8866,2.2801,0.15,,-168186272.0,-50133755.64677056,0
39,Malindi,Kilifi,KE003016,Very High,21.864057199419523,0.16184756746092038,0.30383007879410756,0.005732580005006676,0.6528260707855225,0.03249491325446537,0.2026,46.3581,13.1869,0.15,P2,-4054300160.0,-656178618.6524203,3
40,Kilifi South,Kilifi,KE003012,Very High,20.71803753695055,0.14274723975310413,0.30383007879410756,0.0004791490710845169,6.676541137695312,0.0010852983221411705,0.2026,46.3581,13.1869,0.15,P2,-1855187584.0,-264822906.84023002,1
41,Ijara,Garissa,KE007032,Very High,20.678394810724924,0.02495965771671837,0.47952038369304556,0.0007368395067295747,0.0,0.01114255316714023,0.291,55.2501,30.3679,0.25,P3,-94920589312.0,-2369185419.496716,0
42,Nyando,Kisumu,KE042242,Very High,20.53075473451312,0.25243161510816375,0.13462144570058238,0.007211379051247139,0.0,0.11882499853769939,0.0654,16.5818,1.848,0.15,,-3129782016.0,-790055929.2353648,0
43,Dujis,Garissa,KE007027,Very High,20.117037681336008,0.015603705560236422,0.47952038369304556,0.0007313842266923154,0.0,6.666666983316342e-05,0.291,55.2501,30.3679,0.25,P3,-5825896960.0,-90905580.78811647,0
44,Magarini,Kilifi,KE003017,Very High,20.031906506511568,0.1313117225791211,0.30383007879410756,0.0046467079169777385,0.16938520110813918,0.03498958032342452,0.2026,46.3581,13.1869,0.15,P2,-72652709888.0,-9540152485.434425,0
45,Fafi,Garissa,KE007031,Very High,19.850906200417544,0.011168180878261947,0.47952038369304556,0.00023089222661548144,0.0,0.0075035348083033705,0.291,55.2501,30.3679,0.25,P3,-191590383616.0,-2139716058.7590823,0
46,Changamwe,Mombasa,KE001001,Very High,19.777687204602582,0.25106240122322104,0.11784857828023296,0.0,12.731892585754395,0.0,0.0518,12.8866,2.2801,0.15,,-22831060.0,-5732020.746071433,0
47,Balambala,Garissa,KE007028,Very High,19.721467143819517,0.009010863268294898,0.47952038369304556,0.00038305960496033665,0.0,0.0010399999943646518,0.291,55.2501,30.3679,0.25,P3,-55083487232.0,-496349771.7884198,0
48,Budalangi,Busia,KE040231,Very High,19.591431417475906,0.19015752145490566,0.2045495032545392,0.0052197320941236025,4.016098716042259,0.0,0.1221,29.2173,5.2813,0.15,,-2363469824.0,-449431563.7653021,0
49,Tigania West,Meru,KE012054,Very High,18.81981510910008,0.15400616822806404,0.23948612538540598,5.899018533360727e-05,0.0,0.18310266733169556,0.1234,29.167,6.4093,0.2,P3,-546649728.0,-84187429.97219345,0
50,Rabai,Kilifi,KE003014,Very High,18.81200560660205,0.11098004091396245,0.30383007879410756,0.0004925548322044568,5.0589479718889505,0.0008999999845400453,0.2026,46.3581,13.1869,0.15,P2,-620119552.0,-68820893.25250806,0
51,Kapenguria,West Pokot,KE024129,Very High,18.590729267373614,0.004540017879773769,0.4579582048646797,0.00010172077248248959,0.0,0.0028500000014901163,0.3546,65.7864,37.0121,0.1,P2,-9552576512.0,-43368868.16238695,0
52,Lunga Lunga,Kwale,KE002008,Very High,18.58176428054577,0.07842508812900018,0.3469064748201439,0.0002874149581688076,2.2580650916466345,0.033309136827786766,0.2105,44.5123,17.2902,0.2,P3,-14111210496.0,-1106672926.7556722,0
53,Kacheliba,West Pokot,KE024131,Very High,18.551199713332466,0.003881191979087962,0.4579582048646797,1.4711273569736011e-05,0.0,0.004277474284172058,0.3546,65.7864,37.0121,0.1,P2,-38234578944.0,-148395741.1212583,0
54,Kinango,Kwale,KE002010,Very High,18.410756417019904,0.07557495707023576,0.3469064748201439,0.0004799368781138274,0.6151044821437401,0.06382180127230558,0.2105,44.5123,17.2902,0.2,P3,-42349404160.0,-3200554401.342064,0
55,Sigor,West Pokot,KE024130,Very High,18.399206087585135,0.001347964883299091,0.4579582048646797,4.080453687858099e-05,0.0,0.000575999990105629,0.3546,65.7864,37.0121,0.1,P2,-17566289920.0,-23678741.9420108,0
56,Pokot South,West Pokot,KE024132,Very High,18.337692676461863,0.0003227413645778979,0.4579582048646797,1.5181797453133986e-05,0.0,0.0,0.3546,65.7864,37.0121,0.1,P2,-3599611904.0,-1161743.6578478052,0
57,Jomvu,Mombasa,KE001002,Very High,17.996696310735345,0.22137921965876714,0.11784857828023296,0.0007946635404508924,10.369902610778809,0.0,0.0518,12.8866,2.2801,0.15,,-66625304.0,-14749457.809048137,0
58,Ganze,Kilifi,KE003015,Very High,17.71544697291954,0.09270406368592063,0.30383007879410756,0.00043396686736315454,1.426006107539921,0.06635828920312829,0.2026,46.3581,13.1869,0.15,P2,-24919355392.0,-2310125509.2720575,0
59,Kisumu East,Kisumu,KE042238,High,17.23346675804552,0.19747681550037044,0.13462144570058238,0.006313333185074203,3.1913247789655412,0.00040144045487977564,0.0654,16.5818,1.848,0.15,,-559006272.0,-110390778.43929389,0
60,Matuga,Kwale,KE002009,High,16.858732958266753,0.04970789942434997,0.3469064748201439,0.00015880041603277416,1.2516981760660808,0.025951185396739414,0.2105,44.5123,17.2902,0.2,P3,-4239816960.0,-210752395.02533326,0
61,Kitui West,Kitui,KE015070,High,16.259135980880316,0.1108577019994841,0.24019184652278175,6.543606677374761e-05,0.0,0.13121671477953592,0.151,37.0811,8.0134,0.15,P2,-769465408.0,-85301166.89897545,0
62,Teso South,Busia,KE040226,High,15.963271654654426,0.12968819207454763,0.2045495032545392,4.518710386109773e-05,4.507216020063921,0.047766665617624916,0.1221,29.2173,5.2813,0.15,,-284611232.0,-36910716.12218963,0
63,Tigania East,Meru,KE012055,High,15.947026735945592,0.10612636200882254,0.23948612538540598,2.4046371425956103e-05,0.0,0.12660000324249268,0.1234,29.167,6.4093,0.2,P3,-5145242624.0,-546045881.337848,0
64,Ruiru,Kiambu,KE022115,High,15.30607491074032,0.20087263140602374,0.08134292565947242,4.1048699396876816e-05,0.0,0.23973828554153442,0.0222,5.8769,0.2213,0.15,,-693475008.0,-139300149.67127335,0
65,Kilifi North,Kilifi,KE003011,High,15.219587121605969,0.0511063994973611,0.30383007879410756,0.0008788894997453732,1.5376547108525815,0.002518807305023074,0.2026,46.3581,13.1869,0.15,P2,-3963577600.0,-202564180.26439172,0
66,Msambweni,Kwale,KE002007,High,15.176545996199895,0.021671450056568942,0.3469064748201439,0.0009616337115758362,0.0,0.0014727306552231312,0.2105,44.5123,17.2902,0.2,P3,-1092187136.0,-23669278.970251072,0
67,Kisumu Central,Kisumu,KE042240,High,14.804123911803657,0.15698776806300602,0.13462144570058238,0.004518351642785365,3.0901219050089517,0.0,0.0654,16.5818,1.848,0.15,,-419202080.0,-65809598.9065697,0
68,Mogotio,Baringo,KE030161,High,14.176180127778364,0.02278103113500661,0.3202329564919492,0.00014835580512854467,0.0,0.023526977747678757,0.2159,46.8917,17.5521,0.15,P2,-8109000704.0,-184731397.51161453,0
69,Nakuru Town East,Nakuru,KE032176,High,13.756837669701627,0.13353094186284714,0.14362452894826994,0.006044109328804527,0.0,0.006044512614607811,0.0727,17.7324,4.137,0.15,,-1092471936.0,-145878806.57280806,0
70,Funyula,Busia,KE040230,High,13.61150779475842,0.09049212774294754,0.2045495032545392,0.0010324775276885072,3.4715731143951416,0.00010393929551355541,0.1221,29.2173,5.2813,0.15,,-445774912.0,-40339120.2813052,0
71,Emgwen,Nandi,KE029155,High,13.561081549608133,0.10157358138235778,0.18666666666666665,4.655661877241154e-05,5.100815166126598,0.0,0.1076,25.7708,5.3463,0.15,,-962422208.0,-97756670.46847647,0
72,Mumias West,Kakamega,KE037204,High,13.509373464800845,0.11024929281576831,0.1723603973963686,0.0,5.586738586425781,9.999999747378752e-05,0.096,23.9991,2.8976,0.15,,-51284452.0,-5654074.565444215,0
73,Tiaty,Baringo,KE030157,High,13.451703825777297,0.010706426101655474,0.3202329564919492,0.00016585733811702518,0.0,0.008607272668318315,0.2159,46.8917,17.5521,0.15,P2,-45778968576.0,-490129144.06895214,0
74,Aldai,Nandi,KE029152,High,13.25643984588096,0.09649621965357157,0.18666666666666665,0.0,4.89267635345459,1.9999999494757503e-05,0.1076,25.7708,5.3463,0.15,,-1011590592.0,-97614667.9651185,0
75,Shinyalu,Kakamega,KE037209,High,13.20835244424783,0.10523227580655138,0.1723603973963686,0.0,5.332315298227163,9.999999747378752e-05,0.096,23.9991,2.8976,0.15,,-2054800640.0,-216231347.6759583,0
76,Baringo North,Baringo,KE030158,High,13.167561547074936,0.00597072145661613,0.3202329564919492,0.00027294999410933617,0.0,0.00020165557918303152,0.2159,46.8917,17.5521,0.15,P2,-10853978112.0,-64806080.002960235,0
77,Ikolomani,Kakamega,KE037210,High,12.96039295444243,0.10109961764312807,0.1723603973963686,0.0,5.126970291137695,0.0,0.096,23.9991,2.8976,0.15,,-1878584.25,-189924.1493854025,0
78,Baringo Central,Baringo,KE030159,High,12.84205295837791,0.0005455783116656628,0.3202329564919492,1.7813332800779346e-05,0.0,0.00020005513215437531,0.2159,46.8917,17.5521,0.15,P2,-2710772992.0,-1478938.9522842374,0
79,Eldama Ravine,Baringo,KE030162,High,12.821149343051566,0.00019718472289328678,0.3202329564919492,0.0,0.0,0.0002363636370070956,0.2159,46.8917,17.5521,0.15,P2,-5458396672.0,-1076312.4352099588,0
80,Matayos,Busia,KE040228,High,12.70048382778668,0.07530839496008518,0.2045495032545392,0.0,3.7950706481933594,0.0005666666353742281,0.1221,29.2173,5.2813,0.15,,-161709760.0,-12178102.474980583,0
81,Emuhaya,Vihiga,KE038215,High,12.549725573876335,0.10790367106397757,0.15188763275094208,0.0,5.467787265777588,9.999999747378752e-05,0.0794,19.5908,2.1217,0.15,,97099.859375,10477.431286358478,0
82,Butula,Busia,KE040229,High,12.548054649979456,0.07276790866329813,0.2045495032545392,0.0,3.6891531944274902,2.499999936844688e-05,0.1221,29.2173,5.2813,0.15,,-58544892.0,-4260189.353758654,0
83,Lurambi,Kakamega,KE037202,High,12.478361198508352,0.09306575504422682,0.1723603973963686,0.0,4.719556535993304,0.0,0.096,23.9991,2.8976,0.15,,-49082960.0,-4567942.732205583,0
84,Lamu West,Lamu,KE005022,High,12.349928990384813,0.05557064475809789,0.22539225762247345,0.0022682983853660028,0.0,0.00881056719356113,0.139,30.26,9.9741,0.15,P2,-38097547264.0,-2117105265.1625884,0
85,Sabatia,Vihiga,KE038212,High,12.21344628270333,0.10229901621109411,0.15188763275094208,0.0,5.185678958892822,4.999999873689376e-05,0.0794,19.5908,2.1217,0.15,,137026.0625,14017.631389029893,0
86,Mumias East,Kakamega,KE037205,High,12.206077288426313,0.0885276898761928,0.1723603973963686,0.0,4.4880116780598955,3.33333324912625e-05,0.096,23.9991,2.8976,0.15,,-286853696.0,-25394495.03932769,0
87,Narok East,Narok,KE033180,High,12.152397238191934,0.05199524687839589,0.22581706063720447,3.6467606848729497e-06,0.0,0.0622333288192749,0.1934,43.3427,11.611,0.05,P2,-14375711744.0,-747468681.1819352,0
88,Nandi Hills,Nandi,KE029153,High,12.136476135569053,0.0778301578150398,0.18666666666666665,0.0,3.925067356654576,0.0005167233757674694,0.1076,25.7708,5.3463,0.15,,-1283547264.0,-99898686.12018254,0
89,Bumula,Bungoma,KE039219,High,12.122857714308848,0.07127224887557115,0.19616306954436447,0.0,3.611542441628196,6.6666664982525e-05,0.1153,28.5666,3.6231,0.15,,-158843936.0,-11321164.538967296,0
90,Vihiga,Vihiga,KE038211,High,12.038630401088467,0.09938541818417973,0.15188763275094208,0.0,5.040039698282878,0.0,0.0794,19.5908,2.1217,0.15,,-8095929.5,-804617.3389471371,0
91,Nambale,Busia,KE040227,High,11.92980988621548,0.062463829267231895,0.2045495032545392,0.0,3.1613237857818604,0.0001500000071246177,0.1221,29.2173,5.2813,0.15,,-224967152.0,-14052309.773263406,0
92,Ugunja,Siaya,KE041233,High,11.852319963385039,0.07671189889871491,0.18124015073655358,0.0,3.890218734741211,0.0,0.1032,25.2612,2.786,0.15,,-59379252.0,-4555095.176105315,0
93,Navakholo,Kakamega,KE037203,High,11.844226805228447,0.0824968484895617,0.1723603973963686,0.0,4.182527814592634,2.499999936844688e-05,0.096,23.9991,2.8976,0.15,,-89630080.0,-7394199.129867294,0
94,Teso North,Busia,KE040225,High,11.72287281465418,0.059014878074543524,0.2045495032545392,0.0,1.6178151369094849,0.03250000129143397,0.1221,29.2173,5.2813,0.15,,-127039936.0,-7497246.333637812,0
95,Karachuonyo,Homa Bay,KE043247,High,11.697548822960401,0.07018582285155545,0.1871599862966769,0.0025705349419173347,0.7547842906071589,0.0007869789066414038,0.108,26.6254,3.3817,0.15,,-4203965440.0,-295058773.6459013,0
96,Ugenya,Siaya,KE041232,High,11.689167428066,0.07399268997673093,0.18124015073655358,3.6714056502247954e-06,3.742441177368164,0.00014000000664964317,0.1032,25.2612,2.786,0.15,,-126838496.0,-9385121.511642827,0
97,Lamu East,Lamu,KE005021,High,11.688864129018,0.04455289706865104,0.22539225762247345,0.0020957743056308187,0.0,0.0,0.139,30.26,9.9741,0.15,P2,-24833239040.0,-1106392742.8303266,0
98,Khwisero,Kakamega,KE037208,High,11.67639013509646,0.07969957065402859,0.1723603973963686,0.0,4.041729736328125,0.0,0.096,23.9991,2.8976,0.15,,-1675482.0,-133535.19603855314,0
99,Kuria West,Migori,KE044259,High,11.632570565503968,0.04336801119507868,0.22576224734498118,1.7239054552197492e-05,0.0,0.051545572280883786,0.1393,33.4521,6.2976,0.15,,-252870160.0,-10966475.929781336,0
100,Suna West,Migori,KE044256,High,11.414339502751297,0.039730826815867475,0.22576224734498118,0.0,0.0,0.04762500151991844,0.1393,33.4521,6.2976,0.15,,-239723152.0,-9524399.035865875,0
101,Tinderet,Nandi,KE029151,High,11.387451670711723,0.06534641673408431,0.18666666666666665,0.0,3.308210849761963,0.00013333332996505,0.1076,25.7708,5.3463,0.15,,-1706756736.0,-111530436.93436152,0
102,Hamisi,Vihiga,KE038213,High,11.371128105990833,0.0882603799325525,0.15188763275094208,0.0,4.475866045270648,0.0,0.0794,19.5908,2.1217,0.15,,-354429856.0,-31282113.74999987,0
103,Buuri,Meru,KE012057,High,11.2432387490595,0.02772989556072102,0.23948612538540598,0.000854170646113714,0.0,0.011473344763120015,0.1234,29.167,6.4093,0.2,P3,-9696751616.0,-268889909.58993274,0
104,Mwingi West,Kitui,KE015068,High,11.143452791195886,0.02559631550474361,0.24019184652278175,2.4955669026892338e-05,0.0,0.030046155819526084,0.151,37.0811,8.0134,0.15,P2,-2652910592.0,-67904736.51870815,0
105,Butere,Kakamega,KE037207,High,11.066860324474566,0.06954074047699703,0.1723603973963686,0.0,3.526554489135742,0.0,0.096,23.9991,2.8976,0.15,,-3233873.5,-224885.95779893806,0
106,Kitui Rural,Kitui,KE015071,High,10.838426330168812,0.020512541154292362,0.24019184652278175,7.518880091960866e-05,0.0,0.02267222272025214,0.151,37.0811,8.0134,0.15,P2,-5994011648.0,-122952410.60890779,0
107,Gilgil,Nakuru,KE032169,High,10.637974882781029,0.08154989541417051,0.14362452894826994,0.00382635575268666,0.0,0.000248767518704491,0.0727,17.7324,4.137,0.15,,-7024360960.0,-572835901.6393824,0
108,Chesumei,Nandi,KE029154,High,10.562937375252691,0.05160451180976709,0.18666666666666665,1.6166409619216283e-05,2.5919278462727866,0.00017999999690800905,0.1076,25.7708,5.3463,0.15,,-1002892416.0,-51753773.52539785,0
109,Nyatike,Migori,KE044258,High,10.548586965864185,0.025301617867748934,0.22576224734498118,0.0008510271149600476,0.0,0.008642693551687093,0.1393,33.4521,6.2976,0.15,,-7547418624.0,-190961901.91237947,0
110,Matungu,Kakamega,KE037206,High,10.466892585659949,0.05954127816342007,0.1723603973963686,0.0,3.0180509090423584,3.33333324912625e-05,0.096,23.9991,2.8976,0.15,,-212802944.0,-12670559.282698704,0
111,Yatta,Machakos,KE016076,High,10.456091967494249,0.07884739324606438,0.14313120931825968,0.0002906547592733376,0.0,0.087107138974326,0.0723,18.792,1.4464,0.15,,-1260489344.0,-99386298.98884171,0
112,Narok North,Narok,KE033179,High,10.442098138978267,0.023490261891501434,0.22581706063720447,0.0,0.0,0.028157575563950973,0.1934,43.3427,11.611,0.05,P2,-17346205696.0,-407466914.6228939,0
113,Kanduyi,Bungoma,KE039220,High,10.321514729920315,0.04124986580242894,0.19616306954436447,0.0,2.0777637775127706,0.00033333331036070984,0.1153,28.5666,3.6231,0.15,,-294553888.0,-12150308.351583684,0
114,Narok West,Narok,KE033182,High,10.234244527793818,0.020026035038427297,0.22581706063720447,3.142793251075512e-05,0.8437758623543432,0.0032596775600987095,0.1934,43.3427,11.611,0.05,P2,-48375721984.0,-968773903.4608017,0
115,North Imenti,Meru,KE012056,High,10.150067303396696,0.009510371466340936,0.23948612538540598,0.0,0.0,0.011400000751018524,0.1234,29.167,6.4093,0.2,P3,-777189056.0,-7391356.6221348485,0
116,Naivasha,Nakuru,KE032168,High,10.127846431522824,0.0730477545598671,0.14362452894826994,0.0028915922758309806,0.0,0.013877259194850921,0.0727,17.7324,4.137,0.15,,-11760054272.0,-859045558.0717726,0
117,Kitui East,Kitui,KE015073,Medium,10.065558600509043,0.007631412326629525,0.24019184652278175,0.0001241559030354889,0.0,0.0059839290167604175,0.151,37.0811,8.0134,0.15,P2,-40790429696.0,-311288587.9905694,0
118,Narok South,Narok,KE033181,Medium,10.058109870411984,0.01709045741539674,0.22581706063720447,4.732018646138896e-05,0.0,0.019280357020241872,0.1934,43.3427,11.611,0.05,P2,-40570220544.0,-693363626.540486,0
119,Nakuru Town West,Nakuru,KE032175,Medium,10.031618879573681,0.07144396202738139,0.14362452894826994,0.0030153960664571697,0.0,0.008799999952316284,0.0727,17.7324,4.137,0.15,,-936226176.0,-66887707.36718448,0
120,Cental Imenti,Meru,KE012058,Medium,10.012202417101085,0.007212623361414101,0.23948612538540598,0.0003299531401463838,0.0,0.0002377407654421404,0.1234,29.167,6.4093,0.2,P3,-3956475392.0,-28536566.841199216,0
121,Mwea,Kirinyaga,KE020100,Medium,9.88266392921367,0.09535397972693105,0.10403562863994517,0.0002534430759049194,0.0,0.10784168243408203,0.0406,10.1199,1.8937,0.15,,-1088766720.0,-103818239.74623722,0
122,Mwingi North,Kitui,KE015067,Medium,9.779734637903823,0.002867679616542565,0.24019184652278175,7.310347835427453e-05,0.0,0.0015746172931459215,0.151,37.0811,8.0134,0.15,P2,-32990683136.0,-94606709.56492175,0
123,Kitui South,Kitui,KE015074,Medium,9.776018403050598,0.0028057423689887935,0.24019184652278175,7.181858344487993e-05,0.0,0.0015331157390645008,0.151,37.0811,8.0134,0.15,P2,-125788135424.0,-352929101.07521695,0
124,Mwingi East,Kitui,KE015069,Medium,9.73686762721497,0.002153229438394994,0.24019184652278175,3.757619093558123e-05,0.0,0.0016235294295292274,0.151,37.0811,8.0134,0.15,P2,-32936833024.0,-70920558.4747772,0
125,Malava,Kakamega,KE037201,Medium,9.736657955411546,0.04737070099261338,0.1723603973963686,0.0,2.402266025543213,0.0,0.096,23.9991,2.8976,0.15,,-110031144.0,-5212252.422299186,0
126,Igembe North,Meru,KE012053,Medium,9.685672013428174,0.0017704499668655868,0.23948612538540598,8.033898804769904e-05,0.0,7.499999871167044e-05,0.1234,29.167,6.4093,0.2,P3,-10378910720.0,-18375342.140324883,0
127,South Imenti,Meru,KE012059,Medium,9.683073847492404,0.0017271472012694055,0.23948612538540598,8.075470169649958e-05,0.0,1.249999968422344e-05,0.1234,29.167,6.4093,0.2,P3,-3024933888.0,-5224506.098684181,0
128,Kitui Central,Kitui,KE015072,Medium,9.644391599292325,0.0006119623063509119,0.24019184652278175,9.164894780693797e-06,0.0,0.000500011257827282,0.151,37.0811,8.0134,0.15,P2,-1772321920.0,-1084594.2097594764,0
129,Kilgoris,Narok,KE033177,Medium,9.626758227019637,0.009901263358857628,0.22581706063720447,0.0003755053783277317,0.08813002597854798,0.00021666667113701504,0.1934,43.3427,11.611,0.05,P2,-13185057792.0,-130548729.60034986,0
130,Igembe Central,Meru,KE012052,Medium,9.608052666426072,0.0004767941834972135,0.23948612538540598,2.2036033844439364e-05,0.0,9.999999747378752e-06,0.1234,29.167,6.4093,0.2,P3,-5801600512.0,-2766169.379096056,0
131,Mavoko,Machakos,KE016080,Medium,9.587960456107355,0.06437853472294945,0.14313120931825968,0.001805905540934585,0.0,0.031151348352432252,0.0723,18.792,1.4464,0.15,,-3789606144.0,-243969290.72780657,0
132,Igembe South,Meru,KE012051,Medium,9.587417877990976,0.00013288104291227871,0.23948612538540598,1.8730905319478305e-06,0.0,0.0001115526887588203,0.1234,29.167,6.4093,0.2,P3,-7506834944.0,-997516.0563290574,0
133,Uriri,Migori,KE044257,Medium,9.39959142496484,0.006151692186093178,0.22576224734498118,0.0002854285941315278,0.0,0.00010060005588456989,0.1393,33.4521,6.2976,0.15,,-286230592.0,-1760802.4962272244,0
134,Matungulu,Machakos,KE016078,Medium,9.306129398587334,0.05968135043094912,0.14313120931825968,0.00023480773203804015,0.0,0.06555607914924622,0.0723,18.792,1.4464,0.15,,-1090695040.0,-65094152.89553806,0
135,Mt. Elgon,Bungoma,KE039216,Medium,9.269656451931338,0.023718894502612647,0.19616306954436447,0.0,1.2028340985698085,0.0,0.1153,28.5666,3.6231,0.15,,-6847171072.0,-162407328.29810914,0
136,Kibwezi East,Makueni,KE017088,Medium,9.266894249964459,0.03469032954006086,0.17963686193902018,0.00012236107639603127,1.6247022387007592,6.153845998386924e-05,0.1019,25.5705,2.3637,0.15,P2,-13800399872.0,-478740419.3442938,0
137,Keiyo North,Elgeyo-Marakwet,KE028149,Medium,9.141132425880674,0.002419581769702415,0.2248989379924632,0.00011381745378984852,0.0,0.0,0.1386,34.2359,5.6702,0.15,,-3011050240.0,-7285482.268362082,0
138,Kuria East,Migori,KE044260,Medium,9.127230247278598,0.001612339224655847,0.22576224734498118,7.584465525973825e-05,0.0,0.0,0.1393,33.4521,6.2976,0.15,,-211458624.0,-340943.0338669523,0
139,Emurua Dikirr,Narok,KE033178,Medium,9.047516820707378,0.0002472399203199621,0.22581706063720447,9.66805403908357e-06,0.0,4.999999873689376e-05,0.1934,43.3427,11.611,0.05,P2,-96460632.0,-23848.91896969319,0
140,Suna East,Migori,KE044255,Medium,9.043838950697676,0.00022248428164046627,0.22576224734498118,0.0,0.0,0.0002666900012021263,0.1393,33.4521,6.2976,0.15,,-37849432.0,-8420.903689019677,0
141,Keiyo South,Elgeyo-Marakwet,KE028150,Medium,9.043823554208727,0.0007977672418366536,0.2248989379924632,5.76288042736734e-06,0.0,0.0008094252341172912,0.1386,34.2359,5.6702,0.15,,-4409226240.0,-3517536.256118599,0
142,Awendo,Migori,KE044254,Medium,9.03549535200954,8.342430350488396e-05,0.22576224734498118,0.0,0.0,9.999999747378752e-05,0.1393,33.4521,6.2976,0.15,,-417766464.0,-34851.87628689818,0
143,Rongo,Migori,KE044253,Medium,9.031741258351822,2.085607587622099e-05,0.22576224734498118,0.0,0.0,2.499999936844688e-05,0.1393,33.4521,6.2976,0.15,,-75051016.0,-1565.2696842834757,0
144,Muhoroni,Kisumu,KE042243,Medium,9.01973851530819,0.06058134478808159,0.13462144570058238,0.0005835086803367243,2.410243158755095,0.0007777778017852041,0.0654,16.5818,1.848,0.15,,-2557307904.0,-154925151.86151025,0
145,Marakwet West,Elgeyo-Marakwet,KE028148,Medium,8.9986912345829,4.5561914739562837e-05,0.2248989379924632,0.0,0.0,5.4614676628261805e-05,0.1386,34.2359,5.6702,0.15,,-3629003008.0,-165344.32564011306,0
146,Marakwet East,Elgeyo-Marakwet,KE028147,Medium,8.995957519698528,0.0,0.2248989379924632,0.0,0.0,0.0,0.1386,34.2359,5.6702,0.15,,-6386921984.0,-0.0,0
147,Webuye West,Bungoma,KE039222,Medium,8.989470781089551,0.019049133321916205,0.19616306954436447,0.0,0.9660208702087403,0.0,0.1153,28.5666,3.6231,0.15,,-252411504.0,-4808220.391681385,0
148,Alego Usonga,Siaya,KE041234,Medium,8.911724451332118,0.027701973697832893,0.18124015073655358,0.00025735852220466694,1.1273764696988193,0.0,0.1032,25.2612,2.786,0.15,,-1065526144.0,-29517177.215441305,0
149,Kwanza,Trans Nzoia,KE026136,Medium,8.794143134381462,0.03708863657222503,0.16422062350119904,0.0001445249395928134,0.0,0.04077500104904175,0.0894,22.5728,2.9086,0.15,,-845070080.0,-31342497.075181134,0
150,Bondo,Siaya,KE041236,Medium,8.728721513939993,0.024651924741297494,0.18124015073655358,0.0008843192542432113,0.29680122647966656,0.0,0.1032,25.2612,2.786,0.15,,-9347569664.0,-230435583.8709635,0
151,Suba North,Homa Bay,KE043251,Medium,8.598984263395188,0.018543080192135176,0.1871599862966769,0.0008722690009147221,0.0,0.0,0.108,26.6254,3.3817,0.15,,-8342178816.0,-154689690.76221928,0
152,Mosop,Nandi,KE029156,Medium,8.464678522356785,0.01663353092816865,0.18666666666666665,3.900135799177581e-05,0.785022497177124,0.00038888887502253056,0.1076,25.7708,5.3463,0.15,,-667199808.0,-11097888.641636185,0
153,Endebess,Trans Nzoia,KE026137,Medium,8.431041400039687,0.031036940999862102,0.16422062350119904,0.00010629944333527475,0.6574540365309942,0.018954584002494813,0.0894,22.5728,2.9086,0.15,,-5223517696.0,-162122010.54248762,0
154,Kilome,Makueni,KE017084,Medium,8.408704074567046,0.020387159950103966,0.17963686193902018,0.00022945344355305769,0.0,0.018590909513560207,0.1019,25.5705,2.3637,0.15,P2,-1795840128.0,-36612079.93435118,0
155,Luanda,Vihiga,KE038214,Medium,8.348700786948207,0.037886591281842075,0.15188763275094208,0.0,1.9213072458902996,0.0,0.0794,19.5908,2.1217,0.15,,123827.5703125,4691.404545853249,0
156,Rarieda,Siaya,KE041237,Medium,8.267125737003983,0.016958661792363994,0.18124015073655358,0.0007723237114431354,0.0,0.0006476083459953467,0.1032,25.2612,2.786,0.15,,-3525889024.0,-59794359.47542437,0
157,Kiminini,Trans Nzoia,KE026139,Medium,8.160560784216527,0.026528930736142764,0.16422062350119904,0.0,0.0,0.03180000185966492,0.0894,22.5728,2.9086,0.15,,-546104640.0,-14487572.16924618,0
158,Rongai,Nakuru,KE032173,Medium,8.13807341813559,0.03988487100341323,0.14362452894826994,0.0008843398345444295,0.0,0.02527462894266302,0.0727,17.7324,4.137,0.15,,-4063834624.0,-162085519.75744432,0
159,Gem,Siaya,KE041235,Medium,8.093817638126694,0.014070193477742486,0.18124015073655358,0.0,0.713528553644816,0.0,0.1032,25.2612,2.786,0.15,,-61696912.0,-868087.4888192521,0
160,Kibwezi West,Makueni,KE017087,Medium,8.062180116528996,0.014611760649469797,0.17963686193902018,5.2791747033146825e-05,0.6362069986634336,0.0011315815346805674,0.1019,25.5705,2.3637,0.15,P2,-9998248960.0,-146092020.71733034,0
161,Rangwe,Homa Bay,KE043248,Medium,8.013864278904482,0.008791080450623415,0.1871599862966769,0.00041353361373471274,0.0,0.0,0.108,26.6254,3.3817,0.15,,-415268640.0,-3650660.0228609727,0
162,Kajiado West,Kajiado,KE034185,Medium,8.003569097562849,0.05076178026599268,0.1239465570400822,0.0013489766230702885,0.0,0.026472666989202084,0.1108,22.512,10.6798,0.05,P2,-78919319552.0,-4006085157.840284,0
163,Voi,Taita Taveta,KE006026,Medium,7.952869389798542,0.07581606571212715,0.08509763617677284,0.0029435840656407276,0.6426080897234488,0.0006812802045652182,0.0793,19.2683,2.7401,0.05,P2,-94211629056.0,-7142755059.356244,0
164,Sirisia,Bungoma,KE039217,Medium,7.918771134084516,0.0012041392051656318,0.19616306954436447,4.486999983362707e-05,0.0,0.00029999998514540493,0.1153,28.5666,3.6231,0.15,,-46858856.0,-56424.585618810794,0
165,Masinga,Machakos,KE016075,Medium,7.854699973962709,0.035490860020538674,0.14313120931825968,0.00013715489686471223,0.0,0.039047565725114614,0.0723,18.792,1.4464,0.15,,-3583394304.0,-127177745.6416596,0
166,Kimilili,Bungoma,KE039223,Medium,7.854030969636311,0.00012513646436220163,0.19616306954436447,0.0,0.0,0.0001500000071246177,0.1153,28.5666,3.6231,0.15,,-15911912.0,-1991.1604089224886,0
167,Tongaren,Bungoma,KE039224,Medium,7.854030968907921,0.00012513645222236738,0.19616306954436447,0.0,0.0,0.00014999999257270247,0.1153,28.5666,3.6231,0.15,,-57943048.0,-7250.78745767034,0
168,Webuye East,Bungoma,KE039221,Medium,7.851528239984871,8.342430350488396e-05,0.19616306954436447,0.0,0.0,9.999999747378752e-05,0.1153,28.5666,3.6231,0.15,,-14675676.0,-1224.3080487633415,0
169,Kabuchai,Bungoma,KE039218,Medium,7.846522781774579,0.0,0.19616306954436447,0.0,0.0,0.0,0.1153,28.5666,3.6231,0.15,,-69988984.0,-0.0,0
170,Kesses,Uasin Gishu,KE027146,Medium,7.837687392424463,0.041867132000040025,0.13314148681055155,0.00023148702854883626,0.26460079713301227,0.03803252428770065,0.0642,16.076,1.8783,0.15,,-2955956992.0,-123757441.57050526,0
171,Ol Jorok,Nyandarua,KE018092,Medium,7.798430310076074,0.047132682854356844,0.12426173347036656,0.0017573990021986154,0.0,0.011714952332632882,0.057,14.8797,0.4096,0.15,,-1145305984.0,-53981343.71506909,0
172,Homa Bay,Homa Bay,KE043249,Medium,7.704336304943666,0.003632280884609835,0.1871599862966769,0.00017086298422006884,0.0,0.0,0.108,26.6254,3.3817,0.15,,-997145088.0,-3621911.042324992,0
173,Kipkelion East,Kericho,KE035188,Medium,7.686198266585947,0.0017678014169486295,0.18950325453922573,3.655279410766102e-05,0.0,0.0011875986820086837,0.1099,26.4952,6.1348,0.15,,-4446298112.0,-7860172.102569616,0
174,Tharaka,Tharaka-Nithi,KE013062,Medium,7.654975804173635,0.005111764145157246,0.183706748886605,8.241351689016418e-06,0.0,0.005917419162061479,0.1052,25.6435,5.6725,0.15,P2,-4909318656.0,-25095279.08289236,0
175,Suba South,Homa Bay,KE043252,Low,7.632931700614266,0.0024422041457865043,0.1871599862966769,0.00011488161342140503,0.0,0.0,0.108,26.6254,3.3817,0.15,,-9250166784.0,-22590795.669101417,0
176,Ainamoi,Kericho,KE035190,Low,7.586391011660826,0.0001043471681966147,0.18950325453922573,0.0,0.0,0.00012508005602285266,0.1099,26.4952,6.1348,0.15,,-178196464.0,-18594.296401049996,0
177,Sigowet/Soin,Kericho,KE035193,Low,7.585135640143517,8.342430957480109e-05,0.18950325453922573,0.0,0.0,0.00010000000474974513,0.1099,26.4952,6.1348,0.15,,-793046400.0,-66159.34838078154,0
178,Belgut,Kericho,KE035192,Low,7.585135639779322,8.342430350488396e-05,0.18950325453922573,0.0,0.0,9.999999747378752e-05,0.1099,26.4952,6.1348,0.15,,-1710029952.0,-142658.05771809016,0
179,Kipkelion West,Kericho,KE035189,Low,7.582632910674176,4.171215175244198e-05,0.18950325453922573,0.0,0.0,4.999999873689376e-05,0.1099,26.4952,6.1348,0.15,,-387539232.0,-16165.09525520882,0
180,Buret,Kericho,KE035191,Low,7.58013018156903,0.0,0.18950325453922573,0.0,0.0,0.0,0.1099,26.4952,6.1348,0.15,,-177174656.0,-0.0,0
181,Kasipul,Homa Bay,KE043245,Low,7.554352232494564,0.0011325463437914637,0.1871599862966769,5.327513323312925e-05,0.0,0.0,0.108,26.6254,3.3817,0.15,,-84552872.0,-95760.04604066763,0
182,Juja,Kiambu,KE022113,Low,7.543083582855442,0.07148944260794242,0.08134292565947242,0.00013570250296928547,0.0,0.08223576843738556,0.0222,5.8769,0.2213,0.15,,-1018005120.0,-72776618.60083154,0
183,Bomet East,Bomet,KE036196,Low,7.538668351624176,0.010984200744495699,0.17199040767386087,0.0,0.0,0.013166667272647222,0.0957,24.3793,1.7629,0.15,,-9220487.0,-101279.68017001291,0
184,Konoin,Bomet,KE036198,Low,7.533655676999611,0.010900656167419604,0.17199040767386087,0.0,0.5527947743733724,0.0,0.0957,24.3793,1.7629,0.15,,-6064650752.0,-66108672.62303474,0
185,Kabondo Kasipul,Homa Bay,KE043246,Low,7.5259091424702715,0.0006584948433866006,0.1871599862966769,2.7051395996813366e-05,0.0,9.999999747378752e-05,0.108,26.6254,3.3817,0.15,,-25267464.0,-16638.494749456568,0
186,Ndhiwa,Homa Bay,KE043250,Low,7.52327390296946,0.0006145741850397285,0.1871599862966769,2.8349039877563402e-05,0.0,1.4285713924826788e-05,0.108,26.6254,3.3817,0.15,,-782934016.0,-481171.0348230818,0
187,South Mugirango,Kisii,KE045262,Low,7.513568162472739,4.171215175244198e-05,0.18777663583418977,0.0,0.0,4.999999873689376e-05,0.1085,26.702,6.1322,0.15,,-22809320.0,-951.42581721001,0
188,Bonchari,Kisii,KE045261,Low,7.513568162472739,4.171215175244198e-05,0.18777663583418977,0.0,0.0,4.999999873689376e-05,0.1085,26.702,6.1322,0.15,,-4544399.5,-189.55668156772145,0
189,Bomachoge Chache,Kisii,KE045265,Low,7.511065433367592,0.0,0.18777663583418977,0.0,0.0,0.0,0.1085,26.702,6.1322,0.15,,-1191001.125,-0.0,0
190,Bomachoge Borabu,Kisii,KE045263,Low,7.511065433367592,0.0,0.18777663583418977,0.0,0.0,0.0,0.1085,26.702,6.1322,0.15,,-778557.1875,-0.0,0
191,Bobasi,Kisii,KE045264,Low,7.511065433367592,0.0,0.18777663583418977,0.0,0.0,0.0,0.1085,26.702,6.1322,0.15,,-4985726.0,-0.0,0
192,Nyaribari Chache,Kisii,KE045267,Low,7.511065433367592,0.0,0.18777663583418977,0.0,0.0,0.0,0.1085,26.702,6.1322,0.15,,-674837.3125,-0.0,0
193,Nyaribari Masaba,Kisii,KE045266,Low,7.511065433367592,0.0,0.18777663583418977,0.0,0.0,0.0,0.1085,26.702,6.1322,0.15,,-3466927.5,-0.0,0
194,Kitutu Chache North,Kisii,KE045268,Low,7.511065433367592,0.0,0.18777663583418977,0.0,0.0,0.0,0.1085,26.702,6.1322,0.15,,-1382443.375,-0.0,0
195,Kitutu Chache South,Kisii,KE045269,Low,7.511065433367592,0.0,0.18777663583418977,0.0,0.0,0.0,0.1085,26.702,6.1322,0.15,,142288.5625,0.0,0
196,Makueni,Makueni,KE017086,Low,7.385654717155581,0.003336337326579561,0.17963686193902018,0.00014582290365550087,0.0,0.0002833341519969205,0.1019,25.5705,2.3637,0.15,P2,-2568290048.0,-8568681.952625213,0
197,Maara,Tharaka-Nithi,KE013061,Low,7.3802932023747765,0.0005337207818429557,0.183706748886605,2.4125225153681158e-05,0.0,2.499999936844688e-05,0.1052,25.6435,5.6725,0.15,P2,-2712844800.0,-1447901.6476745969,0
198,Nithi,Tharaka-Nithi,KE013060,Low,7.3482699554641995,0.0,0.183706748886605,0.0,0.0,0.0,0.1052,25.6435,5.6725,0.15,P2,-2462718720.0,-0.0,0
199,Mbooni,Makueni,KE017083,Low,7.335561624235068,0.002501452444571008,0.17963686193902018,3.405045040959569e-05,0.0,0.0021307853838572134,0.1019,25.5705,2.3637,0.15,P2,-843061504.0,-2108878.2601045105,0
200,Seme,Kisumu,KE042241,Low,7.325115432079725,0.03233762673427383,0.13462144570058238,0.0015012965104383607,0.0,0.0005063291173428297,0.0654,16.5818,1.848,0.15,,-2189328896.0,-70797700.63740781,0
201,Kaiti,Makueni,KE017085,Low,7.187977206665955,4.171215175244198e-05,0.17963686193902018,0.0,0.0,4.999999873689376e-05,0.1019,25.5705,2.3637,0.15,P2,-199561600.0,-8324.143743160126,0
202,Thika Town,Kiambu,KE022114,Low,7.157447993366409,0.0650621827831252,0.08134292565947242,0.0003608179315704155,0.0,0.06879500548044841,0.0222,5.8769,0.2213,0.15,,-682685824.0,-44417029.86453644,0
203,Kisumu West,Kisumu,KE042239,Low,7.04096771279779,0.027601831412908236,0.13462144570058238,0.0011206635006308502,0.0,0.004528981167823076,0.0654,16.5818,1.848,0.15,,-1178569728.0,-32530682.940613113,0
204,North Mugirango,Nyamira,KE046272,Low,7.036099150492584,0.00030588911892115835,0.17544364508393284,0.0,0.0,0.00036666666467984516,0.0985,24.82,4.5827,0.15,,-4967116.5,-1519.3868897637478,0
205,Ndaragwa,Nyandarua,KE018093,Low,7.034989084091838,0.03440866242128625,0.12426173347036656,0.0009043497352944828,0.4698254040309361,0.007095086980949749,0.057,14.8797,0.4096,0.15,,-4267739904.0,-146847221.6585886,0
206,Kitutu Masaba,Nyamira,KE046270,Low,7.017745803357315,0.0,0.17544364508393284,0.0,0.0,0.0,0.0985,24.82,4.5827,0.15,,-13882597.0,-0.0,0
207,West Mugirango,Nyamira,KE046271,Low,7.017745803357315,0.0,0.17544364508393284,0.0,0.0,0.0,0.0985,24.82,4.5827,0.15,,-13437041.0,-0.0,0
208,Borabu,Nyamira,KE046273,Low,7.017745803357315,0.0,0.17544364508393284,0.0,0.0,0.0,0.0985,24.82,4.5827,0.15,,-369779392.0,-0.0,0
209,Chepalungu,Bomet,KE036195,Low,6.923448641108321,0.0007305389025647537,0.17199040767386087,2.7824164129267675e-05,0.0,0.00016666667458290854,0.0957,24.3793,1.7629,0.15,,-325544832.0,-237823.1643049071,0
210,Likuyani,Kakamega,KE037200,Low,6.916106215373005,0.00036150532530435905,0.1723603973963686,0.0,0.0,0.0004333333345130086,0.096,23.9991,2.8976,0.15,,-427211104.0,-154439.08912515437,0
211,Lugari,Kakamega,KE037199,Low,6.911323347654035,0.0002817908633215169,0.1723603973963686,8.546331363318877e-06,0.0,0.00012000000569969415,0.096,23.9991,2.8976,0.15,,-635387968.0,-179046.52404682434,0
212,Sotik,Bomet,KE036194,Low,6.886993088767113,0.00012294636354462103,0.17199040767386087,5.783413574442197e-06,0.0,0.0,0.0957,24.3793,1.7629,0.15,,-448057856.0,-55087.08405279946,0
213,Bomet Central,Bomet,KE036197,Low,6.879616306954435,0.0,0.17199040767386087,0.0,0.0,0.0,0.0957,24.3793,1.7629,0.15,,-71526064.0,-0.0,0
214,Njoro,Nakuru,KE032167,Low,6.673662400972273,0.015478020717357913,0.14362452894826994,0.00010996267620301947,0.0,0.015751267472902935,0.0727,17.7324,4.137,0.15,,-3343361536.0,-51748619.11982557,0
215,Mwala,Machakos,KE016082,Low,6.6480533658859615,0.01538008321925956,0.14313120931825968,5.742082312322735e-05,0.0,0.01697275855324485,0.0723,18.792,1.4464,0.15,,-739290752.0,-11370353.288988981,0
216,Saboti,Trans Nzoia,KE026138,Low,6.641732187008979,0.001215120782683641,0.16422062350119904,1.6608441747198995e-05,0.0,0.0010333333630114794,0.0894,22.5728,2.9086,0.15,,-1481628032.0,-1800357.013889863,0
217,Kasarani,Nairobi,KE047280,Low,6.619204945917168,0.06587563798750834,0.06666666666666667,0.003098798923188356,0.0,0.0,0.0103,2.6712,0.3153,0.15,,-265567584.0,-17494434.024801213,0
218,Cherangany,Trans Nzoia,KE026140,Low,6.572400481955955,5.959236513321779e-05,0.16422062350119904,0.0,0.0,7.143285724201373e-05,0.0894,22.5728,2.9086,0.15,,-646832192.0,-38546.26016558363,0
219,Kapseret,Uasin Gishu,KE027145,Low,6.430060361680195,0.01840668148763555,0.13314148681055155,9.570619509744428e-05,0.0,0.019625116139650345,0.0642,16.076,1.8783,0.15,,-568071168.0,-10456305.051685106,0
220,Taveta,Taita Taveta,KE006023,Low,6.356336748034781,0.04920718834939779,0.08509763617677284,0.0003679478038380603,1.8961365205004699,0.004788707320888837,0.0793,19.2683,2.7401,0.05,P2,-43087847424.0,-2120231823.7628822,0
221,Ainabkoi,Uasin Gishu,KE027144,Low,6.120524038083834,0.013247742761029534,0.13314148681055155,0.00031265213242305165,0.0,0.007912856340408326,0.0642,16.076,1.8783,0.15,,-1134926080.0,-15035208.760623626,0
222,Machakos Town,Machakos,KE016081,Low,6.109327156511232,0.0064013130630140675,0.14313120931825968,0.0002759905988910376,0.0,0.0006403204053640366,0.0723,18.792,1.4464,0.15,,-2841626880.0,-18190143.267155908,0
223,Moiben,Uasin Gishu,KE027143,Low,6.045175070314653,0.01199192663154319,0.13314148681055155,0.00019145198434047348,0.0,0.009495980360291222,0.0642,16.076,1.8783,0.15,,-1685451008.0,-20211804.828996513,0
224,Wundanyi,Taita Taveta,KE006024,Low,5.943289284813082,0.04232306396236946,0.08509763617677284,3.687706469063222e-06,2.1423143659319197,0.0,0.0793,19.2683,2.7401,0.05,P2,-6424482304.0,-271903775.47730273,0
225,Soy,Uasin Gishu,KE027141,Low,5.833993814415822,0.008472239033229344,0.13314148681055155,9.580549334183092e-05,0.0,0.007714254781603813,0.0642,16.076,1.8783,0.15,,-941729792.0,-7978559.9025373515,0
226,Kathiani,Machakos,KE016079,Low,5.814220934500235,0.0014828760294974576,0.14313120931825968,3.0507856636037785e-05,0.0,0.0010001000482589006,0.0723,18.792,1.4464,0.15,,-59679872.0,-88497.85163227649,0
227,Kuresoi North,Nakuru,KE032171,Low,5.790694716681287,0.000761892645841481,0.14362452894826994,0.0,0.0,0.0009132741834037006,0.0727,17.7324,4.137,0.15,,-1816552320.0,-1384017.8533942807,0
228,Subukia,Nakuru,KE032172,Low,5.775260133487485,0.0005046495926114568,0.14362452894826994,1.9029165129645218e-05,0.0,0.00012001200811937452,0.0727,17.7324,4.137,0.15,,-1569378176.0,-791986.0571717111,0
229,Molo,Nakuru,KE032166,Low,5.770723514648988,0.0004290392786364988,0.14362452894826994,0.0,0.0,0.0005142857054514545,0.0727,17.7324,4.137,0.15,,-2087595648.0,-895660.5309026142,0
230,Kuresoi South,Nakuru,KE032170,Low,5.77001554337999,0.0004172397574865394,0.14362452894826994,0.0,0.0,0.0005001417205979427,0.0727,17.7324,4.137,0.15,,-350901472.0,-146410.04507894968,0
231,Kangundo,Machakos,KE016077,Low,5.758699199411725,0.0005575137780222954,0.14313120931825968,1.8376942497169795e-05,0.0,0.00019999999494757503,0.0723,18.792,1.4464,0.15,,-31100166.0,-17338.77104378054,0
232,Bahati,Nakuru,KE032174,Low,5.751988799935082,0.00011679403340472151,0.14362452894826994,0.0,0.0,0.00014000000664964317,0.0727,17.7324,4.137,0.15,,-1372508800.0,-160300.83863547424,0
233,Kajiado East,Kajiado,KE034186,Very Low,5.600602510277733,0.010712337144574091,0.1239465570400822,0.0001031018308615534,0.0,0.010213513632078428,0.1108,22.512,10.6798,0.05,P2,-24833607680.0,-266025977.9842444,0
234,Ndia,Kirinyaga,KE020102,Very Low,5.543233793341424,0.02303014412906028,0.10403562863994517,1.509356418262403e-05,0.0,0.027221417427062987,0.0406,10.1199,1.8937,0.15,,-383304736.0,-8827563.3154314,0
235,Turbo,Uasin Gishu,KE027142,Very Low,5.3892413456406745,0.001059697886976875,0.13314148681055155,2.8898609646297675e-05,0.0,0.0005338473711162806,0.0642,16.076,1.8783,0.15,,-500669696.0,-530558.6189245544,0
236,Laikipia East,Laikipia,KE031164,Very Low,5.35026017098962,0.01994181477171808,0.10384378211716339,0.00023509108446193022,0.0,0.017913417938428048,0.0945,21.9261,5.1594,0.05,P2,-22278645760.0,-444276627.1106424,0
237,Kajiado Central,Kajiado,KE034184,Very Low,5.330885292923873,0.006217050188676414,0.1239465570400822,2.2798021286007635e-06,0.0,0.00739423013650454,0.1108,22.512,10.6798,0.05,P2,-37164728320.0,-231054981.21396366,0
238,Kinangop,Nyandarua,KE018089,Very Low,5.240700273978469,0.004503848919396769,0.12426173347036656,0.00016477017735299558,0.0,0.0011999999405816197,0.057,14.8797,0.4096,0.15,,-1713223424.0,-7716099.466867633,0
239,Ol Kalou,Nyandarua,KE018091,Very Low,5.043438185142437,0.0012161474387962319,0.12426173347036656,2.1889123534695494e-05,0.0,0.0009000000233451525,0.057,14.8797,0.4096,0.15,,-458423392.0,-557510.4340650811,0
240,Kajiado North,Kajiado,KE034183,Very Low,4.992900488711145,0.0005839701184642707,0.1239465570400822,0.0,0.0,0.000699999975040555,0.1108,22.512,10.6798,0.05,P2,-137382208.0,-80227.10428064308,0
241,Kipipiri,Nyandarua,KE018090,Very Low,4.971581662861394,1.8538734112196438e-05,0.12426173347036656,0.0,0.0,2.222222166084167e-05,0.057,14.8797,0.4096,0.15,,-4053699840.0,-75150.46350441324,0
242,Laikipia North,Laikipia,KE031165,Very Low,4.922838015798136,0.012818112185193343,0.10384378211716339,0.000394213489324451,0.21350276470184326,0.00027288136593366075,0.0945,21.9261,5.1594,0.05,P2,-48972406784.0,-627733804.1362355,0
243,Kikuyu,Kiambu,KE022120,Very Low,4.8145742275527,0.026014286686230046,0.08134292565947242,0.0012237155651697686,0.0,0.0,0.0222,5.8769,0.2213,0.15,,-491714336.0,-12791597.704433247,0
244,Gichugu,Kirinyaga,KE020101,Very Low,4.804917796018766,0.010724877507015979,0.10403562863994517,0.0005021451144038086,0.0,6.0000002849847076e-05,0.0406,10.1199,1.8937,0.15,,-2849495296.0,-30560488.00641824,0
245,Laikipia West,Laikipia,KE031163,Very Low,4.769639637794283,0.010264805885129123,0.10384378211716339,0.00047370117915127214,0.0,0.00023333334053556124,0.0945,21.9261,5.1594,0.05,P2,-9421113344.0,-96705899.6979597,0
246,Nyali,Mombasa,KE001004,Very Low,4.756183286234963,0.0007040025837607384,0.11784857828023296,0.0,0.0,0.0008438818622380495,0.0518,12.8866,2.2801,0.15,,-6560728.0,-4618.769463351422,0
247,Gatanga,Murang'a,KE021110,Very Low,4.728804520654453,0.0055919858158635935,0.10983213429256594,0.0001931057836388342,0.0,0.001782283536158502,0.0453,11.379,1.8417,0.15,,-2439594240.0,-13642176.386542523,0
248,Mvita,Mombasa,KE001006,Very Low,4.7139431312093185,0.0,0.11784857828023296,0.0,0.0,0.0,0.0518,12.8866,2.2801,0.15,,-14035512.0,-0.0,0
249,Maragwa,Murang'a,KE021108,Very Low,4.69193471775071,0.004977489100801207,0.10983213429256594,3.401660670739953e-05,0.0,0.005099651714166005,0.0453,11.379,1.8417,0.15,,-1038649728.0,-5169867.700670138,0
250,Gachoka,Embu,KE014065,Very Low,4.6147102659266785,0.02281111834098423,0.08115107913669063,2.968773492741429e-07,0.0,0.02733592689037323,0.0761,18.7291,3.8943,0.05,P2,-3315171584.0,-75622771.32329214,0
251,Kandara,Murang'a,KE021109,Very Low,4.605884690697174,0.0035433219832422588,0.10983213429256594,0.0,0.0,0.004247349686920643,0.0453,11.379,1.8417,0.15,,-39330364.0,-139360.14337011994,0
252,Kiharu,Murang'a,KE021106,Very Low,4.477590564695207,0.0014050865498761614,0.10983213429256594,3.470113492868426e-05,0.0,0.000800000037997961,0.0453,11.379,1.8417,0.15,,-253030928.0,-355530.3536354834,0
253,Kigumo,Murang'a,KE021107,Very Low,4.443418858600536,0.0008355581149649734,0.10983213429256594,0.0,0.0,0.0010015763497600954,0.0453,11.379,1.8417,0.15,,-601420928.0,-502522.136900165,0
254,Mathioya,Murang'a,KE021105,Very Low,4.413334103988502,0.00033414553809774447,0.10983213429256594,0.0,0.0,0.00040053739212453365,0.0453,11.379,1.8417,0.15,,-705871808.0,-235863.91511218777,0
255,Kangema,Murang'a,KE021104,Very Low,4.393285371702637,0.0,0.10983213429256594,0.0,0.0,0.0,0.0453,11.379,1.8417,0.15,,-1404174464.0,-0.0,0
256,Kirinyaga Central,Kirinyaga,KE020103,Very Low,4.161425145597807,0.0,0.10403562863994517,0.0,0.0,0.0,0.0406,10.1199,1.8937,0.15,,-1077614464.0,-0.0,0
257,Gatundu North,Kiambu,KE022112,Very Low,3.9642591820124378,0.011842369260559019,0.08134292565947242,0.0005544504584780299,0.0,6.6666664982525e-05,0.0222,5.8769,0.2213,0.15,,-847473344.0,-10036092.27812876,0
258,Mwatate,Taita Taveta,KE006025,Very Low,3.794347428469614,0.006507366356645008,0.08509763617677284,0.00020846067494913135,0.10449880664631472,1.8204546491192147e-05,0.0793,19.2683,2.7401,0.05,P2,-37880324096.0,-246501146.60111964,0
259,Limuru,Kiambu,KE022121,Very Low,3.660816685309691,0.006784994315513234,0.08134292565947242,0.0002812243869377454,0.0,0.0009668668111165365,0.0222,5.8769,0.2213,0.15,,-1063606976.0,-7216567.286100221,0
260,Kiambu,Kiambu,KE022117,Very Low,3.5351982976835097,0.004691354521743552,0.08134292565947242,1.2026862675618276e-05,0.0,0.005317014176398516,0.0222,5.8769,0.2213,0.15,,-225036272.0,-1055724.932203512,0
261,Gatundu South,Kiambu,KE022111,Very Low,3.4561251779081448,0.0033734691921541294,0.08134292565947242,0.0,0.0,0.00404374860227108,0.0222,5.8769,0.2213,0.15,,-427567136.0,-1442384.5608735748,0
262,Kiambaa,Kiambu,KE022118,Very Low,3.3915066894277555,0.002296494384147647,0.08134292565947242,0.0,0.0,0.002752788132056594,0.0222,5.8769,0.2213,0.15,,-143972752.0,-330632.6164382819,0
263,Lari,Kiambu,KE022122,Very Low,3.359803255358832,0.0017681038163322603,0.08134292565947242,7.335342657838243e-05,0.0,0.0002501959485622744,0.0222,5.8769,0.2213,0.15,,-2810022656.0,-4968411.782053715,0
264,Githunguri,Kiambu,KE022116,Very Low,3.354016768015254,0.001671662360605956,0.08134292565947242,0.0,0.0,0.0020038073416799307,0.0222,5.8769,0.2213,0.15,,-33521788.0,-56037.11125981241,0
265,Manyatta,Embu,KE014063,Very Low,3.2585568104470655,0.00020856074965733425,0.08115107913669063,0.0,0.0,0.00024999998277053237,0.0761,18.7291,3.8943,0.05,P2,-1550479104.0,-323369.0842582719,0
266,Runyenjes,Embu,KE014064,Very Low,3.2540518986040943,0.00013347888560781435,0.08115107913669063,0.0,0.0,0.00015999999595806003,0.0761,18.7291,3.8943,0.05,P2,-1051221440.0,-140315.86633824187,0
267,Kabete,Kiambu,KE022119,Very Low,3.253717026378897,0.0,0.08134292565947242,0.0,0.0,0.0,0.0222,5.8769,0.2213,0.15,,-4196375.0,-0.0,0
268,Siakago,Embu,KE014066,Very Low,3.252274823670196,0.00010386097004284309,0.08115107913669063,0.0,0.0,0.00012449725446375933,0.0761,18.7291,3.8943,0.05,P2,-2077650944.0,-215786.84245426866,0
269,Embakasi East,Nairobi,KE047285,Very Low,3.2122939805227806,0.009093788564268566,0.06666666666666667,2.745533003101568e-05,0.0,0.01020102109760046,0.0103,2.6712,0.3153,0.15,,-351409152.0,-3195640.527836914,0
270,Kibra,Nairobi,KE047278,Very Low,2.856100461734507,0.0031572299177973413,0.06666666666666667,0.00014851652247199003,0.0,0.0,0.0103,2.6712,0.3153,0.15,,-1009204.8125,-3186.291627210056,0
271,Roysambu,Nairobi,KE047279,Very Low,2.7969779898214244,0.0021718553859126273,0.06666666666666667,0.0,0.0,0.002603384433314204,0.0103,2.6712,0.3153,0.15,,-30860452.0,-67024.43888789811,0
272,Makadara,Nairobi,KE047287,Very Low,2.791803122288188,0.0020856075936920163,0.06666666666666667,0.0,0.0,0.0024999999441206455,0.0103,2.6712,0.3153,0.15,,-768659.375,-1603.1218294625592,0
273,Dagoretti,Nairobi,KE047276,Very Low,2.7517679729423543,0.0014183551045947916,0.06666666666666667,0.0,0.0,0.0017001701053231955,0.0103,2.6712,0.3153,0.15,,100273.953125,142.2240732727426,0
274,Kilimani,Nairobi,KE047275,Very Low,2.721726708072475,0.000917667356763475,0.06666666666666667,0.0,0.0,0.0010999999940395355,0.0103,2.6712,0.3153,0.15,,133580.109375,122.58210588633214,0
275,Langata,Nairobi,KE047277,Very Low,2.7174150393563368,0.0008458062114944964,0.06666666666666667,2.505291297800561e-06,0.0,0.0009500200394541025,0.0103,2.6712,0.3153,0.15,,-1258998656.0,-1064868.8835080229,0
276,Kamukunji,Nairobi,KE047288,Very Low,2.666666666666667,0.0,0.06666666666666667,0.0,0.0,0.0,0.0103,2.6712,0.3153,0.15,,-4895831.5,-0.0,0
277,Starehe,Nairobi,KE047289,Very Low,2.666666666666667,0.0,0.06666666666666667,0.0,0.0,0.0,0.0103,2.6712,0.3153,0.15,,228110.28125,0.0,0
278,Mathare,Nairobi,KE047290,Very Low,2.666666666666667,0.0,0.06666666666666667,0.0,0.0,0.0,0.0103,2.6712,0.3153,0.15,,146676.78125,0.0,0
279,Embakasi West,Nairobi,KE047286,Very Low,2.666666666666667,0.0,0.06666666666666667,0.0,0.0,0.0,0.0103,2.6712,0.3153,0.15,,331657.1875,0.0,0
280,Embakasi South,Nairobi,KE047282,Very Low,2.666666666666667,0.0,0.06666666666666667,0.0,0.0,0.0,0.0103,2.6712,0.3153,0.15,,-3019447.25,-0.0,0
281,Embakasi North,Nairobi,KE047283,Very Low,2.666666666666667,0.0,0.06666666666666667,0.0,0.0,0.0,0.0103,2.6712,0.3153,0.15,,-82040.40625,-0.0,0
282,Embakasi Central,Nairobi,KE047284,Very Low,2.666666666666667,0.0,0.06666666666666667,0.0,0.0,0.0,0.0103,2.6712,0.3153,0.15,,304750.5,0.0,0
283,Ruaraka,Nairobi,KE047281,Very Low,2.666666666666667,0.0,0.06666666666666667,0.0,0.0,0.0,0.0103,2.6712,0.3153,0.15,,-1983469.125,-0.0,0
284,Westlands,Nairobi,KE047274,Very Low,2.666666666666667,0.0,0.06666666666666667,0.0,0.0,0.0,0.0103,2.6712,0.3153,0.15,,-76563088.0,-0.0,0
285,Kieni,Nyeri,KE019095,Very Low,1.9061299652834442,0.007349511069215332,0.036628982528263104,2.5340799890910586e-05,0.3450053850809733,9.09090886125341e-06,0.04,10.3172,1.3266,0.05,P2,-11641860096.0,-85561979.64180827,0
286,Tetu,Nyeri,KE019094,Very Low,1.888707817551134,0.007059141940343494,0.036628982528263104,0.000332062991898738,0.0,0.0,0.04,10.3172,1.3266,0.05,P2,-2492791552.0,-17596969.39325715,0
287,Nyeri Town,Nyeri,KE019099,Very Low,1.471833245410915,0.00011123240467317863,0.036628982528263104,0.0,0.0,0.00013333332996505,0.04,10.3172,1.3266,0.05,P2,-344637056.0,-38334.808478364925,0
288,Mathira,Nyeri,KE019096,Very Low,1.4676620302356707,4.171215175244198e-05,0.036628982528263104,0.0,0.0,4.999999873689376e-05,0.04,10.3172,1.3266,0.05,P2,-2347705600.0,-97927.85225725785,0
289,Othaya,Nyeri,KE019097,Very Low,1.4664109159761298,2.086024742675916e-05,0.036628982528263104,0.0,0.0,2.5004999770317227e-05,0.04,10.3172,1.3266,0.05,P2,-2205782528.0,-46013.169303702314,0
290,Mukurweni,Nyeri,KE019098,Very Low,1.4651593011305242,0.0,0.036628982528263104,0.0,0.0,0.0,0.04,10.3172,1.3266,0.05,P2,-27505320.0,-0.0,0
